SourceFile,FileName,CreateDate
1_1.JPG,1_1.JPG,2015:11:10 08:09:52
1_2.JPG,1_2.JPG,2015:11:10 08:09:42
1_3.JPG,1_3.JPG,2015:11:10 08:09:35
2_1.JPG,2_1.JPG,2015:11:11 10:39:38
2_2.JPG,2_2.JPG,2015:11:11 10:39:13
2_3.JPG,2_3.JPG,2015:11:11 10:39:29
2_4.JPG,2_4.JPG,2015:11:11 10:39:57
3_1.JPG,3_1.JPG,2015:11:12 09:41:46
3_2.JPG,3_2.JPG,2015:11:12 09:41:34
3_3.JPG,3_3.JPG,2015:11:12 09:41:51
3_4.JPG,3_4.JPG,2015:11:12 09:41:15
4_1.JPG,4_1.JPG,2015:11:13 09:38:34
4_2.JPG,4_2.JPG,2015:11:13 09:38:42
4_3.JPG,4_3.JPG,2015:11:13 09:38:27
4_4.JPG,4_4.JPG,2015:11:11 10:39:57
5_1.JPG,5_1.JPG,2015:11:14 21:38:34
5_2.JPG,5_2.JPG,2015:11:14 21:38:23
5_3.JPG,5_3.JPG,2015:11:11 10:39:29
6_1.JPG,6_1.JPG,2015:11:15 11:24:02
6_2.JPG,6_2.JPG,2015:11:12 09:41:34
6_3.JPG,6_3.JPG,2015:11:15 09:20:13
